Sensor1,Sensor2,Sensor3,Sensor4,Sensor5,Sensor6,Sensor7,Sensor8,Sensor9,Sensor10,Sensor11,Sensor12,Sensor13,Sensor14,Sensor15,Sensor16
-0.79491833030853,-0.8656987295825771,-0.956442831215971,-0.8620689655172413,-2.0127041742286753,-6.586206896551724,-0.7023593466424682,-0.9637023593466425,-0.79491833030853,-1.0834845735027223,-0.9891107078039928,-0.896551724137931,-2.061705989110708,-6.740471869328494,-0.7241379310344828,-0.867513611615245
