Sensor1,Sensor2,Sensor3,Sensor4,Sensor5,Sensor6,Sensor7,Sensor8,Sensor9,Sensor10,Sensor11,Sensor12,Sensor13,Sensor14,Sensor15,Sensor16
-0.9525547445255474,0.531021897810219,-0.6076642335766423,-0.843065693430657,-0.8795620437956204,-0.8704379562043796,-0.8576642335766423,-0.9708029197080292,-0.9543795620437956,0.551094890510949,-0.6076642335766423,-0.8795620437956204,-0.8759124087591241,-0.9562043795620438,-0.8302919708029197,-1.0164233576642336
